trade_date,code,name,profit_ratio,profit_ratio_ema_short,profit_ratio_ema_long,asr,dense_zones,shares_today,atr_10,cold_start_used,state_path,vpin_raw,vpin_filtered,vpin_max,delta_vpin,ofi_daily,ofi_20,ofi_60,ofi_240,ofi_skew,ofi_95th,ofi_price_divergence,ofi_am_sum,ofi_pm_sum,ofi_pos_ratio,queue_pressure,kyle_lambda,rv_bipower,jump_ratio,vwap_dev,volume_surprise,bvc_quality,n_buckets_actual,bucket_size,vpin_orthogonalized,vpin_rank,vpin_max_rank,delta_vpin_z,ofi_daily_z,ofi_240_z,ofi_skew_z,ofi_95th_z,kyle_lambda_z,rv_bipower_z,vwap_dev_z,vs_z,vs_max_logz,ms_snapshot_has_l1,ms_ofi_available,ms_n_buckets_actual
20240515,159566.SZ,储能电池ETF,54.141235442077,55.0485,61.6126,0.4243672488091883,"[{'price': 1.193, 'density': 0.010622084581539059, 'type': 'resistance'}, {'price': 1.045, 'density': 0.004123912969445258, 'type': 'support'}, {'price': 1.123, 'density': 0.0032514921540049333, 'type': 'support'}]",44512000.0,0.029900000000000017,False,D:\Quantitative_Trading\etf_chip_engine\data\chip_snapshots\159566_SZ_20240515.npz,,,,0.0,-14182100.0,-123900.0,1118800.0,-3641700.0,-0.36584432332058847,253999.99999999726,0.41721518003014046,-4432600.0,-9749500.0,0.4797297297297297,-2900.0,3.714615787401772e-08,,,-0.012806705643110466,-1.3845172641342838,0.3607125185551707,12.0,177731.87241379308,,,,-1.7906168264373283,-0.3127055368320817,-2.216420903391434,-0.26240763826045993,-0.7581540259076935,3.0,,-2.4661048766624907,-3.0,-3.0,True,True,12
20240515,159638.SZ,高端装备ETF,60.959701459183215,59.9815,61.9313,0.45033456366074665,"[{'price': 0.6910000000000001, 'density': 0.015403280965321686, 'type': 'resistance'}, {'price': 0.6759999999999999, 'density': 0.013994893335325456, 'type': 'support'}, {'price': 0.646, 'density': 0.00879355731626528, 'type': 'support'}]",726010400.0,0.01549999999999998,False,D:\Quantitative_Trading\etf_chip_engine\data\chip_snapshots\159638_SZ_20240515.npz,0.2518066912090034,0.2518066912090034,0.2518066912090034,0.0,-31810416.0,1198700.0,394500.0,-8240416.0,0.20394756568495848,790000.0,0.0,1851100.0,-33661516.0,0.4874063989108237,-9400.0,3.2093298273695726e-10,6.630058705603926e-05,0.8284347684640043,-0.006168214716970552,-0.43413742082500123,0.2548065222681918,32.0,1120692.1456666666,-0.0183592616688088,0.3333333333333333,0.125,0.0,-1.2463341864388953,-1.6846450659766765,-0.6517045053812345,-1.4273137721574007,-3.0,-1.32865123213096,-0.814322379442129,-0.6555729520912308,-0.6555729520912308,True,True,32
20240515,159667.SZ,工业母机ETF,37.31264179981007,36.1557,36.6509,0.4203510023589357,"[{'price': 0.902, 'density': 0.015793337879015004, 'type': 'resistance'}]",948387120.0,0.017400000000000016,False,D:\Quantitative_Trading\etf_chip_engine\data\chip_snapshots\159667_SZ_20240515.npz,0.2686985194279247,0.2686985194279247,0.2686985194279247,0.0,-2607248.0,278600.0,1108600.0,-769500.0,-0.25820557800368377,500000.0,0.0,21529252.0,-24136500.0,0.4777327935222672,0.0,5.422845613394563e-10,0.00011975056714946857,0.6778646017194819,-0.003067236769820003,-0.3170185995401091,0.5434434113497917,36.0,1302162.1743333333,0.006492252278641086,0.6851851851851852,0.2777777777777778,0.5655639369066149,-0.9685087297113287,-0.808047894269256,-0.4353837338217056,0.18798918029080688,-3.0,-0.7152934858566944,-0.8498086607538374,-1.0549723340725974,-1.0549723340725974,True,True,36
20240515,159732.SZ,消费电子ETF,57.72105221454126,57.0846,58.3845,0.49236442315575507,"[{'price': 0.643, 'density': 0.02242710114224825, 'type': 'resistance'}, {'price': 0.6180000000000001, 'density': 0.01458969983176063, 'type': 'support'}]",1181378000.0,0.013200000000000012,False,D:\Quantitative_Trading\etf_chip_engine\data\chip_snapshots\159732_SZ_20240515.npz,0.19442544922534077,0.19442544922534077,0.19442544922534077,-0.09269691052368573,6000500.0,-38200.0,-288100.0,-4485000.0,0.01971123957011491,2050724.9999999998,0.0,36318600.0,-30318100.0,0.48329621380846327,-259800.0,-6.781483164166203e-10,0.00023044358768600258,0.6618024670388744,-0.008875477055486825,-0.25415380476559657,0.3454130765331982,38.0,1523233.4703333334,-0.05164918958131284,0.1794871794871795,0.07692307692307693,-3.0,-0.7648606710474144,-0.9626322483230217,-0.2618074702898352,-0.4499733581429431,,-1.828606313771824,-1.3199256992727033,0.21122737659678234,0.21122737659678234,True,True,38
20240515,159755.SZ,电池ETF,36.14182913677485,35.3116,35.2101,0.49664678068238427,"[{'price': 0.599, 'density': 0.019976525052786947, 'type': 'resistance'}]",1949602000.0,0.017300000000000017,False,D:\Quantitative_Trading\etf_chip_engine\data\chip_snapshots\159755_SZ_20240515.npz,,,,0.0,-122969600.0,306300.0,-895200.0,-1829200.0,-0.2163827700552753,3000000.0,0.0,-35373400.0,-87596200.0,0.552536231884058,-368800.0,1.3067759344289763e-10,0.0005913654392520034,0.6071043155246423,-0.00620022000557095,-0.681608719565946,0.61625,25.0,3854471.753666667,,,,0.0,-0.3377543391955621,-0.1647646671696527,-0.4176326967376866,-2.8214317591945846,3.0,-2.5231339430626463,-1.2456659189860724,-0.8839397139789444,-0.8839397139789444,True,True,25
20240515,159811.SZ,5G50ETF,56.59635655214398,58.9471,63.9112,0.4075968686013783,"[{'price': 1.002, 'density': 0.014651498432981204, 'type': 'resistance'}, {'price': 0.9620000000000001, 'density': 0.0073979850292601864, 'type': 'support'}]",76996080.0,0.018399999999999993,False,D:\Quantitative_Trading\etf_chip_engine\data\chip_snapshots\159811_SZ_20240515.npz,,,,0.0,461300.0,951800.0,930300.0,-270300.0,0.11942851385977708,280000.0,0.0,6373900.0,-5912600.0,0.49526584122359796,-150000.0,5.346335710858461e-09,,,-0.006826916486910914,-0.6646348869371147,0.19729206963249513,25.0,149663.49366666668,,,,0.0,-0.4997082170032597,-0.30942284649453494,0.2116942665489392,-3.0,-3.0,,-1.1374533877344855,-0.7695892088084879,-0.7695892088084879,True,True,25
20240515,159825.SZ,农业ETF,83.97468686174322,82.7951,83.7638,0.2373830821111585,"[{'price': 0.7010000000000001, 'density': 0.019363707278117696, 'type': 'support'}, {'price': 0.7420000000000001, 'density': 0.012301956515627977, 'type': 'resistance'}]",1415386020.0,0.012700000000000012,False,D:\Quantitative_Trading\etf_chip_engine\data\chip_snapshots\159825_SZ_20240515.npz,0.23810586936192465,0.23810586936192465,0.23810586936192465,0.0,-144109406.0,-449200.0,-5613100.0,-37102700.0,0.6839563710703737,2254930.0,0.0,-68213103.0,-75896303.0,0.4593724859211585,0.0,1.233364351553903e-10,0.00014525452687756324,0.7492855040313872,-0.0033530595923954762,-0.21285840857594815,0.4625149700598803,40.0,1751128.9743333333,-0.060985488465337884,0.037037037037037035,0.037037037037037035,1.5468590207124382,-2.298304118752228,-3.0,0.5904349049490706,0.47556212510842083,-3.0,-0.944061452339392,-1.0126534742551025,-0.38955232273873125,-0.38955232273873125,True,True,40
20240515,159852.SZ,软件ETF,11.845637156895386,11.4406,11.7109,0.25500807123846053,"[{'price': 0.617, 'density': 0.012265428872659587, 'type': 'resistance'}, {'price': 0.6970000000000001, 'density': 0.005227947869367354, 'type': 'resistance'}]",784588000.0,0.015200000000000014,False,D:\Quantitative_Trading\etf_chip_engine\data\chip_snapshots\159852_SZ_20240515.npz,,,,0.0,-19193400.0,179100.0,1806500.0,-3510800.0,0.09720443753808594,1000000.0,0.0,-5272000.0,-13921400.0,0.5234297108673978,-429600.0,2.11724170949812e-10,9.095903769634445e-05,0.8433513379271488,-0.0028756056172828076,-0.6189913653959116,0.35771590372817363,26.0,1457022.29,,,,0.0,-0.22417809000213276,-0.3924721370789851,0.2575539339464521,-2.007344906375877,3.0,-3.0,-0.16884300560757837,-0.9426649565792463,-0.9426649565792463,True,True,26
20240515,159859.SZ,生物医药ETF,32.19445896122258,30.4211,30.3643,0.44549936040210675,"[{'price': 0.391, 'density': 0.02873417174677842, 'type': 'resistance'}, {'price': 0.41200000000000003, 'density': 0.008834372409305817, 'type': 'resistance'}]",3167480000.0,0.008700000000000008,False,D:\Quantitative_Trading\etf_chip_engine\data\chip_snapshots\159859_SZ_20240515.npz,0.26279411895327115,0.26279411895327115,0.29249134957038325,0.0,-67192600.0,-700700.0,3232300.0,-15175900.0,-0.8014145530080443,1018699.9999999993,0.0,-42587700.0,-24604900.0,0.5437564856451055,-2832000.0,7.091392946394467e-11,0.0012051074835922751,0.5928050512655911,-0.0015358115548024253,0.13436286693013316,0.5878638110928062,57.0,2769241.4893333334,-0.07274221063846276,0.019230769230769232,0.2692307692307692,-0.07087397792135305,-0.4960826552656909,-0.2323066082892005,-1.901469615930884,-2.4479715448186226,3.0,0.13007871334435747,-0.1991282168294634,0.46236851525496253,0.46236851525496253,True,True,57
20240515,159865.SZ,养殖ETF,83.66518915389427,83.8211,84.4656,0.2440577687599379,"[{'price': 0.617, 'density': 0.018341399392480518, 'type': 'support'}, {'price': 0.656, 'density': 0.010031439331215853, 'type': 'resistance'}]",4932242040.0,0.014000000000000012,False,D:\Quantitative_Trading\etf_chip_engine\data\chip_snapshots\159865_SZ_20240515.npz,0.281893956101739,0.281893956101739,0.316416348556113,-0.09918316102624697,-129375890.0,0.0,-591900.0,-32367590.0,1.0837950936263623,2868269.9999999925,0.0,-31096600.0,-98279290.0,0.3549141965678627,0.0,1.4538148622513098e-11,0.0010073274998339187,0.4692865872328237,-0.007732902542420645,0.16847721342301497,0.7233449477351916,59.0,4167500.460333334,-0.05047462582069562,0.07692307692307693,0.358974358974359,-2.961444918752103,-0.9129290870851685,-1.8847060174519754,1.2731004207114172,-1.0091250238027365,-3.0,1.1399259164196467,-2.1959498336371075,0.9986364227020529,0.9986364227020529,True,True,59
20240515,159870.SZ,化工ETF,59.50064817937598,59.2643,58.9981,0.3496472150957997,"[{'price': 0.632, 'density': 0.02032290737886058, 'type': 'resistance'}, {'price': 0.603, 'density': 0.013781237536562, 'type': 'support'}]",7550096380.0,0.01150000000000001,False,D:\Quantitative_Trading\etf_chip_engine\data\chip_snapshots\159870_SZ_20240515.npz,0.43384285861590927,0.43384285861590927,0.5755293381762915,0.0,-108778665.0,-265100.0,-11569500.0,-57416514.0,-0.48917058116059164,2995754.9999999963,0.0,106607723.0,-215386388.0,0.46638780997908574,0.0,5.916778307698595e-11,0.000586662005860644,0.6686767945054675,-0.0015347597123118058,1.3212051246793377,0.7441043652784747,187.0,2014468.1276666669,0.1371228272484138,0.9607843137254902,1.0,0.0,-0.9215038698393941,-1.4533773380291581,-1.6535220386609306,-2.360361184916019,3.0,-3.0,-0.5397648915021983,1.9259860288478745,1.9259860288478745,True,True,187
20240515,159883.SZ,医疗器械ETF,62.43007737840867,62.2317,63.1973,0.4438363733908194,"[{'price': 0.538, 'density': 0.0239176633459517, 'type': 'resistance'}]",869110000.0,0.009500000000000008,False,D:\Quantitative_Trading\etf_chip_engine\data\chip_snapshots\159883_SZ_20240515.npz,,,,0.0,-24050900.0,673600.0,1845700.0,-5242600.0,0.2335389635487271,1173600.0,0.0,-8875700.0,-15175200.0,0.4638052530429212,0.0,4.650405248729157e-10,0.00026999482973925963,0.673438731177987,-0.004609409792553112,-0.7436429609589349,0.487012987012987,23.0,1828246.6293333333,,,,0.0,-0.28916325631551937,-0.18381804917622527,0.2497266264685758,-1.087220967424199,3.0,-0.9978057916017224,-0.8538547427760897,-0.8459959861722871,-0.8459959861722871,True,True,23
20240515,159928.SZ,消费ETF,70.4949828210296,70.8558,71.5081,0.383786763729269,"[{'price': 0.892, 'density': 0.016135793021087606, 'type': 'resistance'}, {'price': 0.861, 'density': 0.013915869152922462, 'type': 'support'}]",3725264000.0,0.013500000000000012,False,D:\Quantitative_Trading\etf_chip_engine\data\chip_snapshots\159928_SZ_20240515.npz,0.31509707936867626,0.31509707936867626,0.31509707936867626,0.0,-175457700.0,0.0,-22721800.0,-94838100.0,-0.3664667931645183,6000000.0,0.0,10673200.0,-186130900.0,0.40377090003557453,0.0,1.0481543967646005e-10,0.00020276714369785447,0.6613358069559279,-0.0037573375534253797,0.5285896663355747,0.652542372881356,84.0,2195803.5366666666,-0.01913194504825194,0.18867924528301888,0.6226415094339622,-0.5058630582390824,-0.34418338296102013,-1.5185599221347426,-1.3066158774646899,-1.2358942335936465,3.0,-3.0,-1.1103439401851072,1.5708341554820084,1.5708341554820084,True,True,84
20240515,159992.SZ,创新药ETF,37.102308303823996,36.4068,35.8151,0.3698301529094786,"[{'price': 0.7150000000000001, 'density': 0.015841725298059328, 'type': 'resistance'}, {'price': 0.671, 'density': 0.006799988425378925, 'type': 'support'}]",4238266000.0,0.015000000000000013,False,D:\Quantitative_Trading\etf_chip_engine\data\chip_snapshots\159992_SZ_20240515.npz,0.22675161709222671,0.22675161709222671,0.22675161709222671,0.0,-121931100.0,0.0,3018100.0,-30852800.0,0.1259397330076238,3043119.999999997,0.0,-86545600.0,-35385500.0,0.495676500508647,0.0,3.3876485036482733e-11,0.0007809119133360069,0.5291171612532717,-0.002817265409195168,-0.46518860438386955,0.7728512960436562,31.0,6748652.313666667,-0.02165133325728774,0.26,0.2,-0.6744907594765952,-0.6179772122384892,-1.4191794699781384,0.03735340464574381,-1.3526041768948076,-3.0,-1.6131731192877188,-0.33559150109290176,-0.7908680666477824,-0.7908680666477824,True,True,31
20240515,159996.SZ,家电ETF,95.58413139896554,95.5261,95.5347,0.20833720119150503,"[{'price': 1.1280000000000001, 'density': 0.009160172838662817, 'type': 'support'}, {'price': 1.256, 'density': 0.006331607622520591, 'type': 'support'}, {'price': 1.166, 'density': 0.005638561225627736, 'type': 'support'}, {'price': 1.038, 'density': 0.0009493754251619914, 'type': 'support'}]",1483805560.0,0.027199999999999912,False,D:\Quantitative_Trading\etf_chip_engine\data\chip_snapshots\159996_SZ_20240515.npz,0.27722791809619085,0.27722791809619085,0.27722791809619085,0.0,14489504.0,0.0,-1802400.0,-3196600.0,0.334478256141458,565429.9999999999,0.0,30243000.0,-15753496.0,0.4788812785388128,-32200.0,9.248680732516983e-10,0.00017740178264882231,0.6477577825990197,-0.0011490683246952354,-0.05961119831741016,0.7275648381914162,47.0,1574946.5106666666,-0.0252264442723652,0.32075471698113206,0.20754716981132076,2.0739804782866,-0.1819795779937523,-0.810711253931792,0.7475155244523991,-3.0,3.0,1.1160296842848858,-0.42710689110474326,0.27541120293617416,0.27541120293617416,True,True,47
20240515,159997.SZ,电子ETF,39.4253223512543,39.9079,41.0682,0.3195604314907124,"[{'price': 0.862, 'density': 0.01179247725156448, 'type': 'resistance'}, {'price': 0.8170000000000001, 'density': 0.009535883434297576, 'type': 'support'}]",609922000.0,0.017500000000000016,False,D:\Quantitative_Trading\etf_chip_engine\data\chip_snapshots\159997_SZ_20240515.npz,0.33332737852579064,0.33332737852579064,0.33332737852579064,0.0,4038000.0,336900.0,1577600.0,-7908700.0,0.35731132487649586,650469.9999999999,0.0,26389900.0,-22351900.0,0.4661632297415045,-199200.0,-7.064836693582217e-12,0.0003409072692174735,0.7065086424732054,-0.007842991066269343,-0.4940064312570974,0.7864191729323309,30.0,999582.3196666667,0.11982577636619549,0.9655172413793104,0.6206896551724138,1.712660519972004,-0.5127605835961513,-2.3468145278002304,-0.00502443667457584,1.336179053888062,,3.0,-1.0143699811976132,-1.7356464669965308,-1.7356464669965308,True,True,30
20240515,159998.SZ,计算机ETF,15.57308239129119,15.5681,16.3322,0.271420212169812,"[{'price': 0.714, 'density': 0.013797822987506063, 'type': 'resistance'}, {'price': 0.756, 'density': 0.005825928201296211, 'type': 'resistance'}, {'price': 0.784, 'density': 0.005339796387635964, 'type': 'resistance'}]",648584380.0,0.015600000000000013,False,D:\Quantitative_Trading\etf_chip_engine\data\chip_snapshots\159998_SZ_20240515.npz,,,,0.0,-31761500.0,-52200.0,-5834800.0,-12933400.0,0.037111389415165064,664564.9999999986,0.0,9344700.0,-41106200.0,0.4915508824633872,-95700.0,6.393097769625331e-10,8.412193669523654e-05,0.8184519765244815,-0.005836465163338002,-0.7335227083423345,0.34850640113798004,24.0,1350614.3193333333,,,,0.0,-0.8295354461213259,-1.5490634880070768,-0.5552811482911946,-1.6755418448288462,3.0,-1.3454697796117432,-0.7827018448375443,-1.281081597532916,-1.281081597532916,True,True,24
20240515,512010.SH,医药ETF,47.567054039953526,50.763,52.0792,0.42913503373559453,"[{'price': 0.373, 'density': 0.030825343855230797, 'type': 'resistance'}, {'price': 0.35300000000000004, 'density': 0.01890893586325241, 'type': 'support'}]",17104053580.0,0.006900000000000006,False,D:\Quantitative_Trading\etf_chip_engine\data\chip_snapshots\512010_SH_20240515.npz,0.3054191703951975,0.3054191703951975,0.3054191703951975,-0.08245672926321218,-782555739.0,0.0,-1599300.0,-70752300.0,-0.2511760955158131,9990150.000000002,0.0,-479881339.0,-302674400.0,0.4850010948105978,0.0,1.1978301896113565e-11,0.004347056757563513,0.49137777508039326,-0.006971633915432597,-0.3416399701900451,0.8831006459679099,35.0,24069740.17233333,-0.0025459316063041193,0.375,0.23214285714285715,-1.320905921085802,-0.7961514671027689,-1.1006894905607882,-0.5588241468192485,-3.0,3.0,-0.573658502638951,-1.471270643947725,-0.5973240581800466,-0.5973240581800466,True,True,35
20240515,512070.SH,证券保险,38.40679098930415,37.8319,37.8793,0.4572056951692651,"[{'price': 0.597, 'density': 0.030312917567565167, 'type': 'resistance'}, {'price': 0.5670000000000001, 'density': 0.010573776123578354, 'type': 'support'}]",7128226000.0,0.01150000000000001,False,D:\Quantitative_Trading\etf_chip_engine\data\chip_snapshots\512070_SH_20240515.npz,0.337882880365636,0.337882880365636,0.337882880365636,0.0,-437152800.0,0.0,0.0,-5955700.0,-0.2387045514093509,10007505.0,0.0,-182127400.0,-255025400.0,0.5157311855021395,0.0,-8.75301081078933e-11,0.0012412409079262548,0.5816906691460111,-0.0050304618527542005,0.29315954365897373,0.838830897703549,67.0,5316966.063999999,0.08368738604238074,0.9230769230769231,0.8846153846153846,0.0,-1.3637865741956396,-0.2164869216202143,-0.6694457934222899,0.553735656745613,,1.2211586831729295,-0.9424107805855728,0.5083018379307975,0.5083018379307975,True,True,67
20240515,512200.SH,地产ETF,75.55166474436015,75.7112,76.1698,0.6550344453012228,"[{'price': 0.475, 'density': 0.024027891586343792, 'type': 'support'}, {'price': 0.432, 'density': 0.004338118694397944, 'type': 'support'}]",27468716000.0,0.018799999999999976,False,D:\Quantitative_Trading\etf_chip_engine\data\chip_snapshots\512200_SH_20240515.npz,0.4601031584249741,0.4601031584249741,0.4861097872009489,0.0,19010000.0,0.0,0.0,64051800.0,-1.7064948437403376,6133375.0,0.0,476640800.0,-457630800.0,0.49622274983811787,0.0,1.391801062956707e-11,0.004228789964551284,0.35814901319902115,-0.005807190398168499,1.4114506212929425,0.9251459549624688,205.0,6696581.255666668,0.5616650323586324,1.0,1.0,0.0,0.37994840977846905,3.0,-1.8845639714111886,3.0,-3.0,3.0,-0.9869893727102089,2.75115599375963,2.75115599375963,True,True,205
20240515,512400.SH,有色ETF,56.458628976878764,55.9486,55.9678,0.5064809333296254,"[{'price': 1.104, 'density': 0.012873158354984286, 'type': 'resistance'}]",4111162400.0,0.025800000000000024,False,D:\Quantitative_Trading\etf_chip_engine\data\chip_snapshots\512400_SH_20240515.npz,0.26502609015424905,0.26502609015424905,0.2686445488417938,0.0,10656900.0,0.0,400.0,-3287200.0,0.6532520352511105,1404525.0000000012,0.0,74931900.0,-64275000.0,0.5189434364994664,0.0,2.81602585434972e-10,0.0003687883566378275,0.5114184861631612,-0.00918975392644318,0.0582198943636914,0.7320275057303605,52.0,3878645.196666667,0.0601179710965134,0.9655172413793104,0.7758620689655172,0.0,-0.09850880707148313,-0.8035745329550882,0.17170188368884373,0.1920145090526293,3.0,-0.9555991852120073,-1.1869111659425875,-0.026412962296115287,-0.026412962296115287,True,True,52
20240515,512480.SH,半导体,27.096012355453148,27.6546,27.7761,0.34281430205463825,"[{'price': 0.704, 'density': 0.012796346794379245, 'type': 'resistance'}, {'price': 0.744, 'density': 0.005109369166540794, 'type': 'resistance'}]",17600334000.0,0.01589999999999998,False,D:\Quantitative_Trading\etf_chip_engine\data\chip_snapshots\512480_SH_20240515.npz,0.21956568177355046,0.21956568177355046,0.21956568177355046,0.0,-202077300.0,0.0,-420800.0,-43315100.0,0.6977188441675142,2655105.0,0.0,49245600.0,-251322900.0,0.4783362218370884,0.0,4.3096115233707996e-11,0.0019067896935233857,0.3391089173851881,-0.008991500917515743,-0.21596219134953606,0.8947697436966034,40.0,21842990.529,0.09711428990227938,0.9607843137254902,0.6274509803921569,0.18497474965979113,-0.9701652697408762,-2.143735031438699,1.400175526593406,-0.7606959137398781,-3.0,3.0,-1.228543346307721,-0.2962174856000469,-0.2962174856000469,True,True,40
20240515,512690.SH,酒ETF,64.78207702770845,64.4276,64.3614,0.37617510474326094,"[{'price': 0.7020000000000001, 'density': 0.016576230171304124, 'type': 'resistance'}, {'price': 0.672, 'density': 0.012498403949954169, 'type': 'support'}]",5044358000.0,0.014400000000000013,False,D:\Quantitative_Trading\etf_chip_engine\data\chip_snapshots\512690_SH_20240515.npz,,,,0.0,-110923000.0,0.0,0.0,-18404300.0,-0.8492721667913826,1257064.9999999995,0.0,-13113900.0,-97809100.0,0.4917705735660848,0.0,5.525336004309476e-11,0.0008946692059505683,0.5570371886142133,-0.002324206740951879,-0.7224990659187076,0.8253438932888704,24.0,10389227.551,,,,0.0,0.24328514852577077,-0.23515236358383212,-1.299853465319667,-3.0,3.0,-3.0,-0.6831231974019504,-1.6136605574244334,-1.6136605574244334,True,True,24
20240515,512710.SH,军工龙头,67.30266688925985,66.7172,66.783,0.42344237098556087,"[{'price': 0.541, 'density': 0.017530135368369656, 'type': 'support'}, {'price': 0.554, 'density': 0.016783564811050887, 'type': 'resistance'}]",3891012000.0,0.012499999999999978,False,D:\Quantitative_Trading\etf_chip_engine\data\chip_snapshots\512710_SH_20240515.npz,0.24944228833386994,0.24944228833386994,0.24944228833386994,0.0,-239422400.0,0.0,0.0,-12601500.0,-0.31195580749595286,3284419.999999998,0.0,-19726200.0,-219696200.0,0.48608078602620086,0.0,9.33985796251871e-11,0.0005552858650376953,0.679652415641707,-0.006913147657942906,-0.11749580186609161,0.5857082984073764,44.0,4376131.346666667,0.032330603566527116,0.9166666666666666,0.6041666666666666,0.0,-0.9391355733576382,-0.5946130976179503,-0.9390296275823712,-1.10647016881792,3.0,-3.0,-1.0433976094859323,-0.08321874475268602,-0.08321874475268602,True,True,44
20240515,512800.SH,银行ETF,94.3507659086308,94.3327,94.5348,0.228223766785883,"[{'price': 1.215, 'density': 0.013140449839427755, 'type': 'support'}, {'price': 1.167, 'density': 0.010693723663479173, 'type': 'support'}]",1691248000.0,0.015800000000000036,False,D:\Quantitative_Trading\etf_chip_engine\data\chip_snapshots\512800_SH_20240515.npz,,,,0.0,53224600.0,0.0,-237600.0,-15527900.0,-0.22496576145925137,1112000.0,0.0,68808600.0,-15584000.0,0.49859943977591037,0.0,7.098611815274989e-11,0.00015845523743168241,0.6172451363130177,0.00043649700675332033,-0.799397183982792,0.6241400875547217,22.0,3761673.3636666667,,,,0.0,0.14515674011439053,-0.39910769639837634,-0.6340558738467513,-3.0,3.0,-3.0,0.11459859531289059,-1.3358623103788263,-1.3358623103788263,True,True,22
20240515,512880.SH,证券ETF,31.54076459077542,32.0385,32.0634,0.3814851664070222,"[{'price': 0.873, 'density': 0.018573689367805377, 'type': 'resistance'}, {'price': 0.828, 'density': 0.007927092593677207, 'type': 'support'}]",34118996920.0,0.016900000000000016,False,D:\Quantitative_Trading\etf_chip_engine\data\chip_snapshots\512880_SH_20240515.npz,0.24950078265814404,0.24950078265814404,0.26698639066152824,0.0,-578476470.0,0.0,0.0,-7633723.0,0.3692748202918751,3144269.999999995,0.0,-225783460.0,-352693010.0,0.49776833156216793,0.0,3.320793820853706e-11,0.0014054527246956823,0.30143466109487516,-0.012087849351824874,0.3237573490165843,0.8991456553448636,69.0,24682561.313333336,0.016913197028813692,0.5869565217391305,0.8043478260869565,0.0,-1.0928320062418653,-0.5191843259259216,0.10857655773146405,-1.3957793089753934,-3.0,3.0,-2.842183510753949,1.4936426738733162,1.4936426738733162,True,True,69
20240515,512980.SH,传媒ETF,20.249090696383142,20.2897,19.2863,0.38082411932961124,"[{'price': 0.7000000000000001, 'density': 0.015843497320657107, 'type': 'resistance'}, {'price': 0.7180000000000001, 'density': 0.013668680604185158, 'type': 'resistance'}, {'price': 0.798, 'density': 0.002216613616119569, 'type': 'resistance'}]",1887298000.0,0.016400000000000005,False,D:\Quantitative_Trading\etf_chip_engine\data\chip_snapshots\512980_SH_20240515.npz,,,,0.0,-65680700.0,0.0,0.0,-2571700.0,-0.23144498682729162,2000000.0,0.0,-37385500.0,-28295200.0,0.5040983606557377,0.0,2.5402920588141753e-10,0.0008240086144493242,0.5357932810305591,-0.0031714610528424153,-0.6937664920439461,0.6732053422370617,24.0,3776934.3746666666,,,,0.0,-0.7142710621709262,-0.23636680327554668,-0.3324502799049886,0.8066913355458422,3.0,-0.28147440717122785,-0.4941699734198541,-1.18471731799632,-1.18471731799632,True,True,24
20240515,515030.SH,新汽车,28.634663652068127,28.3285,28.305,0.4362302808629012,"[{'price': 1.149, 'density': 0.011985234053859694, 'type': 'resistance'}, {'price': 1.121, 'density': 0.010656468990367868, 'type': 'resistance'}]",1779854000.0,0.02889999999999997,False,D:\Quantitative_Trading\etf_chip_engine\data\chip_snapshots\515030_SH_20240515.npz,0.30813496243304744,0.30813496243304744,0.30813496243304744,0.0,-53164800.0,0.0,7000.0,-4133900.0,-2.673586284695015,798154.9999999993,0.0,-3562400.0,-49602400.0,0.5279143766271334,0.0,9.893855799240278e-11,0.00027919644492496986,0.601286708705393,-0.005529226585388515,-0.4573207756991898,0.7138068300858998,31.0,2811876.6689999998,0.1218901431898308,0.9666666666666667,0.8666666666666667,0.9352358935040076,-1.3292529949393825,-2.2072174161588505,-3.0,0.4484936197247611,-3.0,0.8233033773581204,-0.922698763090976,-1.7735027695630643,-1.7735027695630643,True,True,31
20240515,515170.SH,食品饮料,65.00760081230055,63.3799,63.4227,0.36655977064455025,"[{'price': 0.634, 'density': 0.01872727025299256, 'type': 'resistance'}, {'price': 0.612, 'density': 0.01582908451518489, 'type': 'support'}]",1102110000.0,0.01100000000000001,False,D:\Quantitative_Trading\etf_chip_engine\data\chip_snapshots\515170_SH_20240515.npz,,,,0.0,-21662800.0,0.0,0.0,-2747400.0,-0.4581613780454386,1500000.0,0.0,-1428100.0,-20234700.0,0.4785148101793909,0.0,6.978291002533232e-11,9.39008001450228e-05,0.8237625773848368,-0.0016954341091864453,-0.5909722256530829,0.3208025343189018,27.0,1990127.5853333334,,,,0.0,0.1456709029815139,-0.07707214872690213,-0.8383043059283757,-1.4533154676400841,3.0,-2.5001530754561476,-0.5111743102531381,-0.6730112186571725,-0.6730112186571725,True,True,27
20240515,515210.SH,钢铁ETF,51.90701514375876,49.4557,50.0074,0.679346258910719,"[{'price': 1.223, 'density': 0.024968996104400554, 'type': 'resistance'}]",530696000.0,0.018400000000000038,False,D:\Quantitative_Trading\etf_chip_engine\data\chip_snapshots\515210_SH_20240515.npz,0.1948393880517686,0.1948393880517686,0.1948393880517686,0.0,13137200.0,0.0,-22100.0,-12631700.0,-0.8970713194494444,770089.9999999995,0.686395173585342,21611900.0,-8474700.0,0.4939327082184225,0.0,1.3351966585754024e-09,4.2300902549236565e-05,0.8498984713288098,-0.001360375689426657,-0.47345382365147665,0.4107961650687787,31.0,852048.2666666667,-0.04569090119582589,0.13157894736842105,0.13157894736842105,0.0,0.13815176757492462,-3.0,-0.7001140787650411,0.591806272683869,3.0,-1.2068126262223062,-0.5552276245848737,-0.18693759712465854,-0.18693759712465854,True,True,31
20240515,515220.SH,煤炭ETF,29.664999424642822,29.3546,29.4879,0.3012753027779097,"[{'price': 1.293, 'density': 0.006472238364111565, 'type': 'resistance'}, {'price': 1.255, 'density': 0.006142648173791547, 'type': 'support'}, {'price': 2.5170000000000003, 'density': 0.0015571390715875958, 'type': 'resistance'}]",2557936060.0,0.026099999999999967,False,D:\Quantitative_Trading\etf_chip_engine\data\chip_snapshots\515220_SH_20240515.npz,0.30987857416754305,0.30987857416754305,0.30987857416754305,0.0,92380000.0,0.0,4100.0,-8888900.0,0.10338065076964255,1000000.0,0.0,109592200.0,-17212200.0,0.4557788944723618,0.0,1.0796902918983262e-10,0.00029169646498270954,0.5357435862750656,0.00017100827559948076,-0.08891349220245413,0.7719481605351171,45.0,2795788.5593333333,0.045456819675468774,0.9210526315789473,0.868421052631579,0.6571844404846545,0.15701865653158284,-1.0244887180078095,-0.421465478825369,-1.6690720916741975,3.0,-3.0,-0.3111489729223149,0.34512177350587847,0.34512177350587847,True,True,45
20240515,515250.SH,智能汽车,31.06979188860104,30.9309,30.7278,0.4389983017870113,"[{'price': 0.778, 'density': 0.01708754730610362, 'type': 'resistance'}]",615580000.0,0.018799999999999994,False,D:\Quantitative_Trading\etf_chip_engine\data\chip_snapshots\515250_SH_20240515.npz,,,,0.0,-23693300.0,0.0,-5500.0,-8497300.0,-0.27596319075208575,992800.0,0.0,22918700.0,-46612000.0,0.5134383688600556,0.0,4.2759126656222537e-10,0.00010656263180873042,0.7622713615428716,-0.007015099645209079,-0.7031704328162401,0.33534806169237186,24.0,1243562.279,,,,0.0,-1.018376074626396,-3.0,-0.3644588890108342,0.6364085899125466,-3.0,-0.515308333884215,-1.2317339748220077,-0.8323377824563614,-0.8323377824563614,True,True,24
20240515,515790.SH,光伏ETF,15.403529013538003,15.2958,15.3586,0.3892946005303431,"[{'price': 0.805, 'density': 0.015390379569212891, 'type': 'resistance'}, {'price': 0.854, 'density': 0.006484529796688938, 'type': 'resistance'}]",8596060000.0,0.02029999999999995,False,D:\Quantitative_Trading\etf_chip_engine\data\chip_snapshots\515790_SH_20240515.npz,0.25828731646388975,0.25828731646388975,0.25828731646388975,0.056112954365808654,-229561900.0,0.0,0.0,5287700.0,0.05564139012164428,5941784.999999998,0.0,-72367100.0,-157194800.0,0.5176686553464892,0.0,3.937953990349405e-11,0.0008785877782210273,0.4788793930911619,-0.00928784397515349,0.002527462930085191,0.8318049187161317,50.0,8574361.21,0.023088809476542765,0.8837209302325582,0.7906976744186046,3.0,-1.4247700003136354,-0.028256176135691796,-0.20003668107372266,1.1371447107288237,-3.0,-1.1684864317400947,-1.611520750137101,0.7310208174864161,0.7310208174864161,True,True,50
20240515,515880.SH,通信ETF,38.16354560264254,37.6298,37.2272,0.4682725592589132,"[{'price': 1.16, 'density': 0.010839882964433226, 'type': 'resistance'}, {'price': 1.193, 'density': 0.006815437769260237, 'type': 'resistance'}]",4232468000.0,0.026700000000000036,False,D:\Quantitative_Trading\etf_chip_engine\data\chip_snapshots\515880_SH_20240515.npz,0.2270519260784808,0.2270519260784808,0.2270519260784808,0.0,49497700.0,0.0,0.0,2356500.0,1.9539246951097486,938069.9999999994,0.0,82912800.0,-33415100.0,0.48669010547463587,0.0,6.764353940503736e-10,0.0004418340036129452,0.4655845722732228,-0.006977257264437118,-0.30240975835976486,0.8197200752036766,36.0,5727018.323,0.051065551329787934,0.9090909090909091,0.7272727272727273,0.08749451018176449,-0.09754043257237728,0.06364413815759169,0.5276083464619999,0.09092799697714365,3.0,0.3322366047886283,-1.0029880682409376,-0.42570892868158694,-0.42570892868158694,True,True,36
20240515,516150.SH,稀土基金,42.458325896003814,42.04,43.5178,0.46897241052986816,"[{'price': 0.9460000000000001, 'density': 0.01378604419431256, 'type': 'resistance'}]",427220000.0,0.020799999999999975,False,D:\Quantitative_Trading\etf_chip_engine\data\chip_snapshots\516150_SH_20240515.npz,,,,0.0,-39712400.0,0.0,300.0,-2325800.0,-0.06938146568141437,1186175.0,0.0,4512800.0,-44225200.0,0.5040672451193059,0.0,6.896043707120064e-10,3.5585295297610894e-05,0.8206513484303841,-0.006384506172386417,-0.708213386770202,0.21914623837700764,24.0,867410.6329999999,,,,-0.5283284696007118,-1.1144874744013684,-1.049521132743268,-0.568352624755534,0.010206511412752587,-3.0,-1.0985880027985127,-1.0574709876429773,-0.7278081571604538,-0.7278081571604538,True,True,24
20240515,516510.SH,云计算,18.42395083279092,18.3175,18.3883,0.3241510687820122,"[{'price': 0.86, 'density': 0.011336270157853379, 'type': 'resistance'}, {'price': 0.909, 'density': 0.007697187937316444, 'type': 'resistance'}]",1963928000.0,0.02100000000000002,False,D:\Quantitative_Trading\etf_chip_engine\data\chip_snapshots\516510_SH_20240515.npz,0.2690899029704292,0.2690899029704292,0.2690899029704292,0.0,23736100.0,0.0,0.0,578600.0,0.8950069114259179,896775.0,0.0,29228100.0,-5492000.0,0.5262578038927653,0.0,5.067549900861099e-10,0.0002877139627175502,0.6083287859105813,-0.00645164954122252,-0.3094142594635903,0.5398230088495575,36.0,2676100.797666667,0.028851517767851165,0.7924528301886793,0.4528301886792453,-1.712855501408082,0.22407796452588497,-0.09501452838709727,1.0875277367965452,0.15216215440644135,-3.0,-0.29429941123599923,-0.9470692297888454,-0.5672698050685416,-0.5672698050685416,True,True,36
20240515,516970.SH,基建50,87.62951356113192,85.8273,85.5676,0.35630565187283997,"[{'price': 1.053, 'density': 0.015805492907040475, 'type': 'support'}]",1345152000.0,0.016700000000000003,False,D:\Quantitative_Trading\etf_chip_engine\data\chip_snapshots\516970_SH_20240515.npz,0.26909495893088997,0.26909495893088997,0.26909495893088997,-0.16647768743250002,-15295100.0,0.0,0.0,-6247600.0,0.07785839987654579,1998100.0,0.0,13941600.0,-29236700.0,0.4943502824858757,0.0,4.358122610646633e-10,0.00014245549755544153,0.7477451037403751,-0.0014059633752669099,-0.1986597242881626,0.6474265471973328,40.0,1640771.802,-0.0046314739843624775,0.5,0.4230769230769231,-2.71837595424805,-1.2001810966513753,-1.4457166904870071,0.12057044103124336,2.5104841922173398,-3.0,0.15571332662908038,-0.4351406597904728,-0.14998961023486201,-0.14998961023486201,True,True,40
20240515,560080.SH,中药ETF,92.14968319635175,91.8022,91.8793,0.2706773674505146,"[{'price': 1.134, 'density': 0.011969659865179585, 'type': 'support'}, {'price': 1.185, 'density': 0.01024626276416225, 'type': 'support'}]",929412000.0,0.02100000000000004,False,D:\Quantitative_Trading\etf_chip_engine\data\chip_snapshots\560080_SH_20240515.npz,0.3032033910016803,0.3032033910016803,0.3032033910016803,0.062044549138740024,-10557300.0,0.0,0.0,1780200.0,-0.34071551491026403,250000.0,0.0,-4599400.0,-5957900.0,0.5251559251559251,0.0,8.863627016549093e-10,0.00016879718173898157,0.6501033377111358,-0.004837459782895664,0.036582230836079324,0.58012085851219,51.0,896026.4183333333,-0.01331436021455401,0.1951219512195122,0.6097560975609756,3.0,-0.2921124192561797,0.3462608807507353,-0.326792112540276,-3.0,3.0,-0.40719840182375855,-1.7918688518199462,0.8552897383162897,0.8552897383162897,True,True,51
20240515,560280.SH,工程机械,71.3177166553331,70.7646,72.1754,0.4801529405384208,"[{'price': 1.203, 'density': 0.010360475964813117, 'type': 'resistance'}, {'price': 1.159, 'density': 0.009048171624445135, 'type': 'support'}, {'price': 1.076, 'density': 0.001994080789777531, 'type': 'support'}]",212532000.0,0.026500000000000034,False,D:\Quantitative_Trading\etf_chip_engine\data\chip_snapshots\560280_SH_20240515.npz,0.262268251122153,0.262268251122153,0.30408701267045457,0.0,4495100.0,0.0,0.0,1627900.0,0.43768886027137005,400000.0,0.0,11919500.0,-7424400.0,0.4578069732187974,0.0,2.2778382358607797e-10,4.561647721788786e-05,0.7901014179920753,-0.005113833418860283,0.3335920853289381,0.2798499687434882,69.0,152246.43333333335,-0.06181527596285419,0.10526315789473684,0.22807017543859648,0.0,-0.3803376160782413,0.5882602529905441,0.2182738021968661,-0.3534089390501511,-3.0,-0.9567147625464125,-1.065161035637981,-0.03504113459941933,-0.03504113459941933,True,True,69
20240515,562500.SH,机器人,33.562982411054406,33.5614,33.5432,0.34558451564350495,"[{'price': 0.7180000000000001, 'density': 0.01896023198095021, 'type': 'resistance'}]",1139784000.0,0.014400000000000013,False,D:\Quantitative_Trading\etf_chip_engine\data\chip_snapshots\562500_SH_20240515.npz,,,,0.0,-39362900.0,0.0,0.0,-7499100.0,0.2862103305966128,1600000.0,0.0,17014600.0,-56377500.0,0.491253123884327,0.0,2.0732855343943255e-10,0.00014508776801838423,0.7896808563047534,-0.005020422205651156,-0.6952984546832682,0.43991640543364685,24.0,2284477.2543333336,,,,0.0,-0.43725566159869933,-0.6746545433451875,0.06585645920012265,-3.0,3.0,-3.0,-1.0371012891066909,-1.5561152042618034,-1.5561152042618034,True,True,24
20240515,562570.SH,信创ETF,0.2082637941901141,0.2221,0.31,0.03458681824521411,"[{'price': 1.014, 'density': 0.031131308443167305, 'type': 'resistance'}]",34102000.0,0.024666666666666677,False,D:\Quantitative_Trading\etf_chip_engine\data\chip_snapshots\562570_SH_20240515.npz,,,,0.0,856800.0,0.0,0.0,-255100.0,0.03950442581519098,250000.0,0.7230815803417385,-55200.0,912000.0,0.5115384615384615,0.0,1.3215452549985167e-07,,,-0.0061647242762394505,-2.623734575772453,0.13580246913580252,3.0,470168.25,,,,0.6375055080078085,-0.44784046802446853,-0.3397902277539301,-0.3427995242774908,-3.0,3.0,,-0.872666050424562,-3.0,-3.0,True,True,3
20240515,562920.SH,信息安全,8.860452615637564,8.6536,8.6619,0.14823795419288585,"[{'price': 0.8160000000000001, 'density': 0.010392821757375308, 'type': 'resistance'}, {'price': 0.7330000000000001, 'density': 0.007231586753061873, 'type': 'resistance'}, {'price': 0.716, 'density': 0.005963979348295639, 'type': 'resistance'}, {'price': 0.7570000000000001, 'density': 0.005385167637080409, 'type': 'resistance'}]",38254000.0,0.016100000000000014,False,D:\Quantitative_Trading\etf_chip_engine\data\chip_snapshots\562920_SH_20240515.npz,,,,0.0,-6517900.0,0.0,0.0,22800.0,0.006281945952260046,315919.9999999999,0.0,-539200.0,-5978700.0,0.4939879759519038,0.0,-3.223683523153421e-08,,,-0.0011130819744403675,-0.8379740799930793,0.024927015495171845,21.0,88430.96666666666,,,,0.0,-0.8270422056024024,-0.09805144935007888,-0.3197048427192075,-0.43795505821676095,,,-0.15974154490688935,-2.6449240575182467,-2.6449240575182467,True,True,21
20240515,588010.SH,科创材料,51.41062117203363,51.7979,54.5662,0.388126449241977,"[{'price': 0.535, 'density': 0.01686267900300672, 'type': 'resistance'}, {'price': 0.493, 'density': 0.010115503523304268, 'type': 'support'}]",128126000.0,0.013300000000000011,False,D:\Quantitative_Trading\etf_chip_engine\data\chip_snapshots\588010_SH_20240515.npz,,,,0.0,5975000.0,0.0,0.0,-2163900.0,-0.024641301779948485,480000.0,0.0,31257500.0,-25282500.0,0.5104740904079382,0.0,7.893353797748017e-10,,,-0.004954742377328532,-1.3971281263345126,0.11531690140845074,12.0,518086.5333333334,,,,0.0,-0.5794231114278144,-1.4645674556256523,-0.26648629935912843,-3.0,3.0,,-0.8163463498516021,-2.275516152237902,-2.275516152237902,True,True,12
20240515,588200.SH,科创芯片,20.205754531327358,19.9376,19.5163,0.32888977487962906,"[{'price': 0.9000000000000001, 'density': 0.00902658515480855, 'type': 'resistance'}, {'price': 0.937, 'density': 0.008624531775954566, 'type': 'resistance'}, {'price': 1.0090000000000001, 'density': 0.004499980285895126, 'type': 'resistance'}]",5942446000.0,0.023299999999999953,False,D:\Quantitative_Trading\etf_chip_engine\data\chip_snapshots\588200_SH_20240515.npz,0.2666070732250452,0.2666070732250452,0.2666070732250452,0.0,21614100.0,0.0,-890500.0,-12940900.0,2.0232089886034053,1007469.9999999993,0.0,61186700.0,-39572600.0,0.5009462016761287,0.0,1.979403882366175e-10,0.00046551948887484746,0.5027941127781861,-0.004422095483915038,-0.012150003532550475,0.6754256884591129,49.0,6015087.141333333,0.09756287706446459,0.9629629629629629,1.0,-0.6572170211192381,0.15259170276499506,-1.0260351096193983,3.0,-2.504444107120596,-3.0,0.6702498459487409,-0.6084811009568911,0.5687138571940555,0.5687138571940555,True,True,49
